<?xml version="1.0" encoding="UTF-8"?>
<configuration>
    <!-- 控制台输出 -->
    <appender name="CONSOLE" class="ch.qos.logback.core.ConsoleAppender">
        <encoder>
            <pattern>%d{HH:mm:ss.SSS} [%thread] %-5level %logger{36} - %msg%n</pattern>
        </encoder>
    </appender>

    <!-- 文件输出 -->
    <appender name="FILE" class="ch.qos.logback.core.rolling.RollingFileAppender">
        <file>logs/stream-compute.log</file>
        <rollingPolicy class="ch.qos.logback.core.rolling.TimeBasedRollingPolicy">
            <fileNamePattern>logs/stream-compute.%d{yyyy-MM-dd}.log</fileNamePattern>
            <maxHistory>30</maxHistory>
        </rollingPolicy>
        <encoder>
            <pattern>%d{yyyy-MM-dd HH:mm:ss.SSS} [%thread] %-5level %logger{36} - %msg%n</pattern>
        </encoder>
    </appender>

    <!-- 开发环境配置 -->
    <springProfile name="dev">
        <root level="DEBUG">
            <appender-ref ref="CONSOLE" />
            <appender-ref ref="FILE" />
        </root>
    </springProfile>

    <!-- 生产环境配置 -->
    <springProfile name="prod">
        <root level="INFO">
            <appender-ref ref="FILE" />
        </root>
    </springProfile>

    <!-- 默认配置 -->
    <root level="WARN">
        <appender-ref ref="CONSOLE" />
        <appender-ref ref="FILE" />
    </root>

    <!-- 应用日志配置 -->
    <logger name="com.streamcompute" level="INFO" />
</configuration>